Name,Total Played SEA,Premium
KV-1,1245894,0
KV-85,1118846,0
M18 Hellcat,940873,0
IS-3,866666,0
IS,816981,0
T29,698189,0
Pz.Kpfw. IV Ausf. H,598307,0
T67,551559,0
Tiger I,505782,0
T34,505357,1
T1 Heavy Tank,482215,0
M6,463172,0
IS-8,458195,0
ELC AMX,454611,0
VK 36.01 (H),441348,0
StuG III Ausf. G,432410,0
T-28,430085,0
Tiger II,397777,0
Leichttraktor,391778,0
T1 Cunningham,386801,0
T25/2,384139,0
M4 Sherman,380983,0
Hetzer,368065,0
IS-7,354324,0
Rhm.-Borsig Waffenträger,341720,0
Skorpion G,341040,1
M3 Lee,338820,0
T30,330043,0
SU-100,326645,0
E 75,325611,0
M44,315916,0
T-150,310341,0
T26E4 SuperPershing,309137,1
M8A1,308154,0
T-34-85,303297,0
KV-2,302356,0
AMX 13 90,297381,0
T28 Prototype,297108,0
Bat Chatillon Bourrasque,294068,1
Bat.-Châtillon 25 t,292261,0
M41 HMC,292247,0
T32,290699,0
M2 Medium Tank,289154,0
M10 Wolverine,282556,0
Pz.Kpfw. III,276643,0
T-34,275962,0
Löwe,275493,1
Pz.Kpfw. III/IV,274085,0
M12,274030,0
AMX 12 t,273514,0
SU-85,273245,0
T-54,270658,0
T3 HMC,270637,0
Tiger (P),269803,0
T1 HMC,266723,0
Cromwell,265839,0
VK 30.01 (P),265352,0
SU-130PM,264489,1
M5 Stuart,262723,0
M40/M43,262282,0
T-44,261967,0
M53/M55,261079,0
Jagdpanzer IV,259160,0
Jagdpanther,257660,0
Grille,257003,0
IS-6,254979,1
M103,254968,0
ISU-152,253280,0
ELC EVEN 90,251063,1
M37,250014,0
E 100,248080,0
T-50,246385,0
Skoda T-56,243774,1
SU-152,243476,0
M7,243301,0
T-46,242862,0
Super Hellcat,239290,1
Hummel,237777,0
KV-3,236298,0
Leopard 1,233844,0
Waffenträger auf Pz. IV,233664,0
T71,232876,0
Pz.Kpfw. 38 (t) n.A.,227657,0
M3 Stuart,225304,0
T57 Heavy Tank,224535,0
G.W. Panther,219945,0
Pz.Kpfw. III Ausf. A,219267,0
T-34-85M,217098,1
T69,216939,0
M2 Light Tank,215025,0
SU-101,213520,0
T110E4,212444,0
M4A3E8 Sherman,210674,0
MS-1,208821,0
M3 Light,202984,1
T20,202866,0
M7 Priest,202246,0
Jagdpanzer E 100,200927,0
Progetto M35 mod 46,200399,1
AMX 13 75,199705,0
Pz.Kpfw. II Luchs,199600,0
SU-122-44,196484,1
Grille 15/L63,196300,0
VK 30.01 (H),195144,0
Leopard Prototyp A,191905,0
FV304,190974,0
A149 AMBT,190402,1
Churchill I,183981,0
T110E5,178641,0
T56 GMC,178434,0
Matilda,178406,0
Strv S1,178366,1
VK 16.02 Leopard,177191,0
Marder II,174682,0
M36 Jackson,174208,0
Type T-34,173898,0
T54E1,173547,0
Obj. 263,172302,0
T2 Medium Tank,169206,0
T92,168803,0
T40,167322,0
ARL 44,166962,0
M24 Chaffee,166910,0
T-43,164600,0
AMX 50 100,162028,0
M4A3E2 Sherman Jumbo,161098,0
AMX 13 F3 AM,158345,0
BDR G1 B,157466,0
SU-85B,157134,0
Pz.Kpfw. II,156442,0
SU-8,155673,0
FV4005 Stage II,155607,0
SU-100Y,154387,1
Pz.Kpfw. 38 (t),154151,0
Jagdtiger,153889,0
E-25,153243,1
Bat.-Châtillon 155 58,150836,0
A-20,149806,0
T49,149255,0
BT-7,145665,0
SU-100M1,145592,0
Ferdinand,144398,0
M5A1 Stuart,143589,0
Lorraine 155 mle. 50,143032,0
Covenanter,142680,0
Object 140,140898,0
Churchill III,140232,1
T21,139970,0
Projet 4 1,139245,1
SU-76,139231,0
Char de 25t,139008,0
STB-1,138289,0
KV-4,137449,0
Sturer Emil,137256,0
Vz. 55,136755,0
M26 Pershing,135464,0
Panther,135311,0
Pz.Kpfw. I Ausf. C,134000,0
T95,131559,0
VK 45.02 (P) Ausf. A,130298,0
Object 704,130060,0
Nashorn,130003,0
M10 RBFM,128764,1
Object 261,126350,0
Skorpion,125641,1
WZ 122 2,125640,1
Type 58,124622,0
Type 59,123909,1
T 25,123136,0
Crusader,121682,0
Object 703 II,121496,1
AMX 50 Foch (155),121369,1
Tortoise,121098,0
Pz.Kpfw. 35 (t),121001,0
T-62A,120928,0
Object 277,120583,0
Renault FT,120175,0
Ch45 WZ 114,119614,1
AMX 40,118291,0
M41 Walker Bulldog,116915,0
G.W. Tiger (P),116120,0
Progetto C45 mod 71,115766,1
Sturmpanzer II,115734,0
O-I,115342,0
EMIL 1952 E2,114452,0
KV-1S,113676,0
VK 30.02 (M),113574,0
UDES 03,112563,0
T37,112256,0
Conqueror,112101,0
Comet,112039,0
VK 30.02 (D),110930,0
Churchill VII,110865,0
MT-25,110461,0
VK 45.02 (P) Ausf. B,109618,0
ST-I,109251,0
Lorraine 155 mle. 51,109001,0
WZ-131,108693,0
Object 268 4,108430,0
Cruiser Mk. III,107393,0
Indien-Panzer,107252,0
TNH T Vz. 51,106903,0
SU-26,106792,0
T-26,106512,0
Kranvagn,106120,0
Centurion Mk. I,104540,0
AMX 50 B,104444,0
SU-5,103383,0
LTP,102717,1
AMX 13 105 AM mle. 50,102168,0
Pz.Sfl. IVc,102092,0
SU-14-2,102091,0
BT-2,101552,0
T110E3,101280,0
AMX 50 120,100811,0
59-16,100602,0
Charioteer,100188,0
Centurion Mk. 7/1,100098,0
GB112 Caliban,99318,1
S-51,99043,0
T25 AT,98808,0
AMX M4 mle. 45,98068,0
T-50-2,98005,1
AT 8,97849,0
Object 268,97449,0
WZ-132,97286,0
EMIL 1951 E1,96679,0
StuG III Ausf. B,96210,0
J19 Tiger I Jpn,96012,1
AT 2,95590,0
LT-432,94750,1
M46 Patton,94569,0
FV215b (183),94388,1
Jagdpanther II,93458,0
AMX AC mle. 48,93253,0
"8,8 cm Pak 43 Jagdtiger",92134,1
Waffenträger auf E 100,91317,0
Caernarvon,91018,0
Sturmpanzer I Bison,90823,0
Progetto 65,90603,0
GSOR 1008,90211,1
T28,89630,0
VK 28.01,88901,0
VK2801 105 SPXXI,88501,1
CS 52 LIS,88333,1
AEP 1,87583,1
A142 Pawlack Tank,87302,0
212A,87164,0
Bat.-Châtillon 155 55,86676,0
ARL V39,86525,0
Panhard EBR 105,86287,0
S35 CA,84942,0
E 50,84686,0
Panther II,84669,0
Panzerjäger I,84620,0
G.W. Tiger,84299,0
Leo,84022,0
IS-2,83361,0
T7 Combat Car,83019,1
Black Prince,82818,0
T-34-3,82589,1
Type 3 Chi-Nu,82394,0
STA-1,81962,0
T50 51,81460,0
WZ-120,80626,0
G.W. E 100,79790,0
Super Conqueror,79326,0
AMX AC mle. 46,79086,0
Kpz 07 RH,78714,1
T6 medium,78567,0
TNH 105/1000,78551,0
IS-4,78295,0
Strv 103 0 Series,77728,0
T1E6,76983,1
T54E2,76114,1
60TP,75723,0
Maus,75681,0
T-103,75313,1
AMX 50 Foch,75030,0
Cruiser Mk. IV,74821,0
Standard B,74727,0
Strv 103B,74532,0
Dicker Max,74226,1
B1,73417,0
Type 61,72853,0
B-C 12 t,72477,0
Object 730 5,72250,1
Bishop,72148,0
Alecto,71596,0
VK 100.01 P,71408,0
M48A1 Patton,71314,0
ISU-152K BL10,71280,1
Strv 74,70483,0
Valentine,70433,0
T-34-1,69622,0
TVP T50,69125,0
WZ-111 model 1-4,68714,0
AMD Panhard 178B,68229,0
S32 Bofors Tornvagn,67084,1
Guard,66888,1
AT 7,66549,0
Type 64,66430,1
Type 4 Chi-To,65795,0
FV4004 Conway,65194,0
Valentine AT,65101,0
T-54 ltwt.,64613,0
Vickers Medium Mk. I,64543,0
E 50 Ausf. M,64198,0
AT 15,64047,0
P.43 bis,63757,0
O-I Exp.,63756,0
Marder 38T,63485,0
Ikv 65 Alt 2,63478,0
Type 5 Chi-Ri,63196,0
IS-2-II,63104,0
AT-1,63019,0
AMX 38,62871,0
Crusader 5.5-in. SP,62588,0
O-Ni,62505,0
110,62494,0
Hotchkiss EBR,62425,0
Defender,61868,1
FV4202 (P),61708,1
KV-5,61605,1
Type 2597 Chi-Ha,61579,0
P.44 Pantera,61117,0
FV207,60372,0
Lynx 6x6,60226,0
Obj. 430,59350,0
Centurion Action X,59103,0
A147 M II Y,58924,0
KV-13,58741,0
Somua SAu 40,58153,0
SU-18,57570,0
Czolg T wz51,57407,1
112,57191,1
Challenger,56681,0
T-25,56315,1
Conqueror Gun Carriage,56295,0
121,56149,0
Object 705 A,55963,0
105 leFH18B2,55076,1
IS-3-II,55053,0
Lorraine 39L AM,54863,0
Vz. 44-1,54799,0
Object 257 2,54699,0
Ikv 90 Typ B Bofors,54284,0
SU-14-1,53626,0
Lorraine 40t,53129,1
KanonenJagdPanzer 105,52592,1
T-54 first prototype,52412,1
T14,51743,1
T-34-2,51515,0
VK 30.01 (D),51192,0
Object 430 U,51187,0
LTTB,51171,0
UDES 14 5,50974,0
T26E5 P,50887,1
AMX 30 prototype,50856,0
M24E2 SuperChaffee,50838,1
A139 M III Y,49972,0
T 24,49956,0
Spähpanzer Ru 251,49786,0
Type 1 Chi-He,49291,0
A-43,48812,0
AMX Chasseur de chars,48724,1
Progetto 54,48723,0
Ikv 103,48441,0
IS-3 auto,47835,1
FV3805,47830,0
Vickers Medium Mk. III,46389,0
O-Ho,46013,0
Panhard EBR 90,45656,0
Object 416,45430,0
Cruiser Mk. II,45023,0
WZ120 1G FT,44876,1
Object 274 A,44655,1
Type 4 Heavy,44455,0
Achilles,43957,0
SU-122A,43393,0
Type 3 Chi-Nu Kai,43282,1
Somua SM,42537,1
Progetto C50 mod 66,42365,0
Caernarvon AX,42363,1
Type 62,42217,1
Object 705,42210,0
UDES 16,42134,0
T-34-100,42099,0
FCM 50 t,42039,1
T32 FL,41914,1
Strv M42,41889,0
M4A1 Rev.,41777,1
Panhard EBR 75,41343,1
Strv 74 A2,41291,1
D2,41194,0
IS-2 Sh,41083,0
53TP,40088,0
King Tiger (C),39577,1
Concept 1b,39525,1
Renault UE 57,39499,0
GB85 Cromwell Berlin,39242,1
Object 907,39233,1
Centurion 5/1,38937,1
50TP,38537,0
Wespe,37951,0
AMX M4 1949 Liberte,37785,1
Lansen C,37368,1
A-44,37284,0
Spähpanzer SP I C,37261,0
P.43 ter,37251,0
T-100 LT,37159,0
G143 E75 TS,37048,1
Hotchkiss H35,36467,0
BT-5,36240,0
Pz.Kpfw. II Ausf. G,36113,0
UDES 15/16,36087,0
Type 97 Chi-Ha,35197,0
T-27,35182,1
Scorpion,35116,1
Excelsior,34671,1
R105 BT 7A,34221,1
Object 252U,33910,1
Ch25 121 mod 1971B,33830,1
STA-2,33609,1
HWK 30,33222,1
Sav M43,33058,0
Strv K,33034,1
P.43,32928,0
TS-5,32890,1
Cruiser Mk. I,32731,0
T92 LT,32639,1
45TP,32362,0
Vickers Mk. E Type B,32118,0
WZ-111 A,31858,1
Lago I,31841,0
A148 Convertible Medium Tank T3,31789,1
FV217,31455,0
Kpz 50t,31351,1
Vickers Medium Mk. II,31314,0
"Panther mit 8,8 cm L/71",31028,1
T-44-100,31028,1
TVP 46,30928,0
Renault FT 75 BS,30839,0
IS-5,30643,1
P26/40,30096,0
Type 5 Ke-Ho,29955,0
Kunze Panzer,29935,1
Renault NC-31,29655,0
T-29,29612,1
T95 FV4201 Chieftain,29535,1
WZ 111 5A,29191,0
Manticore,29154,0
WZ-111,29028,1
M41 90 GrandFinal,28616,1
Pz.Kpfw. IV Schmalturm,28554,1
Mäuschen,28084,0
CS 63,28073,0
V 8 H,28025,0
Light Mk. VIC,27880,1
Canon dassaut de 105,27650,1
CS 53,27286,0
AMX 13 105,27206,0
Alt Proto AMX 30,27150,1
IS-2 screen,26802,1
Rinoceronte,26724,0
Durchbruchswagen 2,26646,0
M46 Patton KR short,26634,1
FV215b,26294,1
Pz58 Mutz,26262,1
T-70,26151,0
Object 430 Version II,25820,0
T26E5,25632,1
Pz.Kpfw. VII,25603,0
Ram II,25374,1
Sherman Firefly,25323,0
T28 Concept,24719,1
40TP,24577,0
AMX 105 AM mle. 47,24415,0
Pz.Sfl. IVb,24406,0
Birch Gun,24335,0
Chrysler K,24022,1
Chrysler K,24022,
Chrysler K,24022,
Chrysler K,24022,
Chrysler K,24022,
Chrysler K,24022,
Chrysler K,24022,
Chrysler K,24022,
FCM 36 Pak 40,23811,1
CS 59,23731,0
T-127,23551,1
Universal Carrier 2-pdr,23205,0
Object 279R,23160,1
Carrodassalto,23059,0
M22 Locust,23029,1
D1,23012,0
Renault Otsu,23008,0
113,22840,0
Renault FT AC,22732,0
FV201 (A45),22677,1
Object 777,22360,1
Tiger 131,22345,1
WZ 111 QL,22250,1
Type 5 Heavy,22169,0
T78,22151,1
StuG IV,22015,1
Matilda IV,21997,1
KV-2 (R),21695,1
Cavalier,21552,0
T 55A,21272,1
A144 M VI Y,20682,0
KV-220,20678,1
T-34E 1943,20643,1
Panther/M10,20581,1
Strv M40,20520,0
Foch B,20328,0
LT vz38,20211,0
CS 44,20050,0
VK7501K,19846,1
T25 Pilot,19813,1
Sexton II,19785,0
ASTRON REX 105mm,19752,1
AMX M4 Mle1949 Bis,19706,0
A143 M V Y,19605,0
M60,19459,1
LTG,19380,0
IS-6 B,19373,1
SU-76G FT,19348,0
AMX 30 B,19339,0
Sherman III,19269,0
AMX 13 57,19057,1
AT 15A,18841,1
BUGI,18427,0
Object 263,18168,0
T-60,17925,0
14TP,17766,0
Type 95,17668,0
AMX M4 49,17546,1
SU-122-54,17334,0
Steyr WT,17304,1
WZ131G FT,17237,0
Aufklärungspanzer Panther,17153,1
WZ111 1G FT,17106,0
T71E2R,17004,0
Sheridan,16948,0
Valliant,16653,1
A127 TL 1 LPC,16394,1
Char de 65t,16061,0
R185 T 34 L 11 1941,16049,1
Matilda Black Prince,16029,1
Object 260,16019,1
25TP,15971,0
LHMTV,15840,0
FV1066 Senlac,15703,1
ST-II,15646,0
Ekins Firefly M4A4,15583,1
T2 Light Tank,15558,1
AMX 13 57 GF,15388,1
EMIL 51,15285,1
T77,15038,1
Chi-Ni,14738,0
Pz.Kpfw. IV Ausf. D,14605,0
GSR 3301 Setter,14581,0
Type59 Gold,14555,1
Pz.Kpfw. S35 739 (f),14306,1
T34 B,13947,1
WZ-132A,13822,0
T-34-2G FT,13681,0
Type 97 Te-Ke,13310,1
T-80,13116,0
Type 95 Ha-Go,13052,0
Ikv 72,12939,0
Bret. Panther,12753,1
HWK 12,12545,0
Toldi III,12518,1
WZ111G FT,12464,0
Skoda T 40,12409,1
M15/42,12393,0
M4A1 FL10,12213,1
Churchill Gun Carrier,12175,0
M4A3E8 Fury,12135,1
60G FT,12013,0
Archer,11655,0
Type 98 Ke-Ni,11586,0
IS-2B,11517,1
Strv 81 sabaton,11495,1
Charlemagne,11493,1
Pz. IV H Ankou,11334,1
Pz.Kpfw. II Ausf. D,11253,1
Pz.Sfl. IC,11163,1
M4 Thunderbolt,11063,1
Somua S35,11028,0
Pz.Kpfw. I,10938,0
VK 20.01 (D),10895,0
Valentine II,10883,1
T-34-85 Rudy,10868,1
Pz.Kpfw. V/IV,10792,1
Pz.Kpfw. B2 740 (f),10694,1
Strv 81,10663,1
VK 72.01 (K),10618,1
4TP,10582,0
K 91,10540,0
Type 91,10444,0
Pz.Kpfw. IV Ausf. A,10339,0
T-116,10243,1
Loyd Gun Carriage,10208,0
K 91 PT,10074,1
TOG II*,9989,1
DS PZlnz,9680,0
Sentinel AC IV,9604,1
113 Beijing Opera,9535,1
Tetrarch,9239,1
GSOR3301 AVR FS,9200,0
VK 45.03,9164,1
M4A2E4 Sherman,9158,1
AMX M4 Mle1949 Ter,9155,0
Kolohousenka,8939,0
SU-85I,8902,1
G.Pz. Mk. VI (e),8829,0
10TP,8818,0
Pz.Kpfw. IV hydrostat.,8790,1
T-28E F-30,8697,1
Turtle Mk1,8351,1
MKA,8309,1
IS-2M,8264,1
M6A2E1,8200,1
Strv M38,8130,0
Strv M21 29,8080,0
M41 90,7967,1
PzV Poland,7964,1
Pz.Kpfw. 38H 735 (f),7696,1
T-45,7629,1
T-15,7477,1
Object 430,7477,0
G142 M48RPz,7111,1
Grant,7111,0
Obj. 244,6969,1
Rhm. Pzw.,6967,0
Schwarzpz.58,6902,1
LT vz35,6895,0
Chrysler K,6809,1
Chrysler K,6809,
Chrysler K,6809,
Chrysler K,6809,
Chrysler K,6809,
Chrysler K,6809,
Chrysler K,6809,
Chrysler K,6809,
KV-122,6741,1
M26 Cologne,6705,1
R186 KV 1 Screened,6466,1
Excalibur,6455,1
FCM36 20t,6416,0
Renault G1R,6379,0
Ch26 59 Patton,6281,1
R193 M4A2 T 34,5863,1
WZ-132-1,5706,0
Carro Combattimento 45t,5694,1
STG,5649,1
R117 T34 85 Rudy,5632,1
I-Go/Chi-Ro,5364,0
7TP,5353,0
A46,5280,1
Chimera,5226,1
Chieftain/T95,5154,1
VK168 02,4925,1
WalkerBulldog M41D,4894,1
Pz.Kpfw. II Ausf. J,4877,1
M14/41,4842,0
Fiat 3000,4840,0
VK168 02 Mauerbrecher,4797,1
TKS 20,4704,1
M2,4687,0
L-60,4640,1
T82 HMC,4482,0
GB113 Matilda LVT,4359,1
Stuart I-IV,4340,0
L 120 TD,4332,0
WZ113G FT,4284,0
SARL42,4108,0
M3G FT,3748,0
ISU-122C Berlin,3405,1
A-32,3081,1
M4 Improved,3046,1
Sexton I,3034,1
MTLS-1G14,2965,1
KV-4 Kreslavskiy,2758,1
AMR 35,2726,1
T23E3,2617,1
Sentinel I,2587,1
T42,2539,1
T95E6,2223,1
RenaultR35,2067,0
T18 HMC,1935,0
ISU-130,1930,1
T-22 sr.,1906,1
M4 Loza,1805,1
Pz. III K,1783,1
BT-SV,1559,1
KanonenJagdPanzer,1466,1
T95E2,1387,1
L6/40,1336,0
Turán III PT,1280,1
AM39 Gendron Somua,1203,1
PzV Panther BR,1120,1
G160 Pz Kpfw 35 R mit T 26 Turm,1064,1
T-26G FT,992,0
Großtraktor - Krupp,855,0
KV-220 Beta-Test,671,1
Skoda T-45 Prem,626,1
Pz. 58,296,1
T-44-122,179,1
T29,161,0
SU-76I,154,1
AMX 50 100,33,0
Pz.Kpfw. V/IV Alpha,19,1
KV-5,1,1
VK 100.01 (P) Ausf B,0,1
PzVIB Tiger II F,0,1
T71,0,0
SU-152,0,0
